table_name,ddl
ncei_nrs_pad_metadata,"CREATE TABLE `bigquery-public-data.noaa_passive_bioacoustic.ncei_nrs_pad_metadata`
(
  file_name STRING OPTIONS(description=""""),
  deployment_name STRING OPTIONS(description=""""),
  start_date STRING OPTIONS(description=""""),
  start_time STRING OPTIONS(description=""""),
  source_organization STRING OPTIONS(description=""""),
  funding_organization STRING OPTIONS(description=""""),
  project_name STRING OPTIONS(description=""""),
  sensor_depth STRING OPTIONS(description=""""),
  sample_rate_hz STRING OPTIONS(description=""""),
  recording STRING OPTIONS(description=""""),
  platform_name STRING OPTIONS(description=""""),
  lon STRING OPTIONS(description=""""),
  lat STRING OPTIONS(description="""")
);"
ncei_nefsc_pad_metadata,"CREATE TABLE `bigquery-public-data.noaa_passive_bioacoustic.ncei_nefsc_pad_metadata`
(
  cloud_path STRING OPTIONS(description=""""),
  file_name STRING OPTIONS(description=""""),
  start_date STRING OPTIONS(description=""""),
  start_time STRING OPTIONS(description=""""),
  data_collection_name STRING OPTIONS(description=""""),
  source_organization STRING OPTIONS(description=""""),
  funding_organization STRING OPTIONS(description=""""),
  project_name STRING OPTIONS(description=""""),
  sensor_depth STRING OPTIONS(description=""""),
  sample_rate STRING OPTIONS(description=""""),
  duration STRING OPTIONS(description=""""),
  platform_name STRING OPTIONS(description=""""),
  shape1 STRING OPTIONS(description=""""),
  shape2 STRING OPTIONS(description=""""),
  shape3 STRING OPTIONS(description=""""),
  shape4 STRING OPTIONS(description=""""),
  shape5 STRING OPTIONS(description=""""),
  shape6 STRING OPTIONS(description=""""),
  shape7 STRING OPTIONS(description=""""),
  shape8 STRING OPTIONS(description=""""),
  shape9 STRING OPTIONS(description=""""),
  shape10 STRING OPTIONS(description="""")
);"
ncei_afsc_pad_metadata,"CREATE TABLE `bigquery-public-data.noaa_passive_bioacoustic.ncei_afsc_pad_metadata`
(
  cloud_path STRING OPTIONS(description=""""),
  file_name STRING OPTIONS(description=""""),
  start_date STRING OPTIONS(description=""""),
  start_time STRING OPTIONS(description=""""),
  data_collection_name STRING OPTIONS(description=""""),
  source_organization STRING OPTIONS(description=""""),
  funding_organization STRING OPTIONS(description=""""),
  project_name STRING OPTIONS(description=""""),
  sensor_depth STRING OPTIONS(description=""""),
  sample_rate STRING OPTIONS(description=""""),
  duration STRING OPTIONS(description=""""),
  platform_name STRING OPTIONS(description=""""),
  shape STRING OPTIONS(description="""")
);"
ncei_sanctsound_pad_metadata,"CREATE TABLE `bigquery-public-data.noaa_passive_bioacoustic.ncei_sanctsound_pad_metadata`
(
  file_name STRING OPTIONS(description=""""),
  data_collection_name STRING OPTIONS(description=""""),
  start_date STRING OPTIONS(description=""""),
  start_time STRING OPTIONS(description=""""),
  source_organization STRING OPTIONS(description=""""),
  funding_organization STRING OPTIONS(description=""""),
  project_name STRING OPTIONS(description=""""),
  sensor_depth STRING OPTIONS(description=""""),
  sample_rate_hz STRING OPTIONS(description=""""),
  recording STRING OPTIONS(description=""""),
  platform_name STRING OPTIONS(description=""""),
  lon STRING OPTIONS(description=""""),
  lat STRING OPTIONS(description="""")
);"
