table_name,description,DDL
CENSUS_GALAXY__AIML_MODEL_DATA_ENRICHMENT_SAMPLE.public.Xref_TractToZip_Residential,,"CREATE TABLE CENSUS_GALAXY__AIML_MODEL_DATA_ENRICHMENT_SAMPLE.public.public.Xref_TractToZip_Residential (
    FromStateCountyTractID TEXT,
    ToZipCode TEXT,
    ResidentialMappingRatioTZ NUMBER
);"
CENSUS_GALAXY__AIML_MODEL_DATA_ENRICHMENT_SAMPLE.public.Xref_ZipToTract_Residential,,"CREATE TABLE CENSUS_GALAXY__AIML_MODEL_DATA_ENRICHMENT_SAMPLE.public.public.Xref_ZipToTract_Residential (
    FromZipCode TEXT,
    ToStateCountyTractID TEXT,
    ResidentialMappingRatioZT NUMBER
);"
CENSUS_GALAXY__AIML_MODEL_DATA_ENRICHMENT_SAMPLE.public.Fact_CensusValues_ACS2021,,"CREATE TABLE CENSUS_GALAXY__AIML_MODEL_DATA_ENRICHMENT_SAMPLE.public.public.Fact_CensusValues_ACS2021 (
    CensusValue FLOAT,
    BlockGroupID TEXT,
    MetricID TEXT
);"
CENSUS_GALAXY__AIML_MODEL_DATA_ENRICHMENT_SAMPLE.public.Dim_CensusMetrics,,"CREATE TABLE CENSUS_GALAXY__AIML_MODEL_DATA_ENRICHMENT_SAMPLE.public.public.Dim_CensusMetrics (
    MetricCategory TEXT,
    Type TEXT,
    Descriptor2 TEXT,
    MetricTableDesc TEXT,
    MetricTableID TEXT,
    MetricID TEXT,
    Descriptor1 TEXT,
    Descriptor3 TEXT,
    MetricGroup TEXT,
    UnitMeasureType TEXT
);"
CENSUS_GALAXY__AIML_MODEL_DATA_ENRICHMENT_SAMPLE.public.Fact_CensusValues_ACS2021_ByZip,,"CREATE TABLE CENSUS_GALAXY__AIML_MODEL_DATA_ENRICHMENT_SAMPLE.public.public.Fact_CensusValues_ACS2021_ByZip (
    CensusValueByZip NUMBER,
    MetricID TEXT,
    ZipCode TEXT
);"
CENSUS_GALAXY__AIML_MODEL_DATA_ENRICHMENT_SAMPLE.public.LU_GeographyExpanded,,"CREATE TABLE CENSUS_GALAXY__AIML_MODEL_DATA_ENRICHMENT_SAMPLE.public.public.LU_GeographyExpanded (
    ZipCode TEXT,
    ZipCodeCentroidPoint TEXT,
    ZipCodePolygon TEXT,
    PreferredStateAbbrev TEXT,
    ZipCodeCentroidLon TEXT,
    ZipCodeType TEXT,
    PreferredCityStateAbbrev TEXT,
    PreferredCity TEXT,
    ZipCodeCentroidLat TEXT,
    PreferredStateName TEXT
);"
CENSUS_GALAXY__AIML_MODEL_DATA_ENRICHMENT_SAMPLE.public.Dim_CensusGeography,,"CREATE TABLE CENSUS_GALAXY__AIML_MODEL_DATA_ENRICHMENT_SAMPLE.public.public.Dim_CensusGeography (
    StateAbbrev TEXT,
    BlockGroupCode TEXT,
    BlockGroupPolygon TEXT,
    StateCountyTractID TEXT,
    TractCode TEXT,
    AmtLand NUMBER,
    StateName TEXT,
    BlockGroupCentroidLon TEXT,
    BlockGroupName TEXT,
    MTFCC TEXT,
    CountyName TEXT,
    GeographyYear TEXT,
    AmtWater NUMBER,
    BlockGroupCentroidLat TEXT,
    StateFIPS TEXT,
    BlockGroupCentroidPoints TEXT,
    FuncStat TEXT,
    BlockGroupID TEXT,
    CountyFIPS TEXT
);"
CENSUS_GALAXY__AIML_MODEL_DATA_ENRICHMENT_SAMPLE.public.Fact_StateBenchmark_ACS2021,,"CREATE TABLE CENSUS_GALAXY__AIML_MODEL_DATA_ENRICHMENT_SAMPLE.public.public.Fact_StateBenchmark_ACS2021 (
    MetricID TEXT,
    TotalStatePopulation NUMBER,
    StateBenchmarkValue FLOAT,
    TotalUSPopulation NUMBER,
    StateFIPS TEXT,
    StateAbbrev TEXT
);"
