"Id","TableEnumOrId","FieldEnumOrId","CreatedById","CreatedDate"
"7375j00000CWqvUAAT","Case","Asset","0055j00000AbZjhAAF","2024-01-15 05:55:17"
"7375j00000CWqvVAAT","Case","Contact","0055j00000AbZjhAAF","2024-01-15 05:55:17"
"7375j00000CWqvWAAT","Case","CurrencyIsoCode","0055j00000AbZjhAAF","2024-01-15 05:55:17"
"7375j00000CWqvXAAT","Case","Description","0055j00000AbZjhAAF","2024-01-15 05:55:17"
"7375j00000CWqvYAAT","Case","IsVisibleInSelfService","0055j00000AbZjhAAF","2024-01-15 05:55:17"
"7375j00000CWqvZAAT","Case","Origin","0055j00000AbZjhAAF","2024-01-15 05:55:17"
"7375j00000CWqvaAAD","Case","Owner","0055j00000AbZjhAAF","2024-01-15 05:55:17"
"7375j00000CWqvbAAD","Case","Priority","0055j00000AbZjhAAF","2024-01-15 05:55:17"
"7375j00000CWqvcAAD","Case","Reason","0055j00000AbZjhAAF","2024-01-15 05:55:17"
"7375j00000CWqvdAAD","Case","RecordType","0055j00000AbZjhAAF","2024-01-15 05:55:17"
"7375j00000CWqveAAD","Case","Status","0055j00000AbZjhAAF","2024-01-15 05:55:17"
"7375j00000CWqvfAAD","Case","Subject","0055j00000AbZjhAAF","2024-01-15 05:55:17"
"7375j00000CWqvgAAD","Case","Type","0055j00000AbZjhAAF","2024-01-15 05:55:17"
"7375j00000CWqvhAAD","Contract","Account","0055j00000AbZjhAAF","2024-01-15 05:55:17"
"7375j00000CWqviAAD","Contract","AutoRenewCode","0055j00000AbZjhAAF","2024-01-15 05:55:17"
"7375j00000CWqvjAAD","Contract","BankAccountName","0055j00000AbZjhAAF","2024-01-15 05:55:17"
"7375j00000CWqvkAAD","Contract","BankAccountNumber","0055j00000AbZjhAAF","2024-01-15 05:55:17"
"7375j00000CWqvlAAD","Contract","BankAccountType","0055j00000AbZjhAAF","2024-01-15 05:55:17"
"7375j00000CWqvmAAD","Contract","BankAddress","0055j00000AbZjhAAF","2024-01-15 05:55:17"
"7375j00000CWqvnAAD","Contract","BankBranchCode","0055j00000AbZjhAAF","2024-01-15 05:55:17"
"7375j00000CWqvoAAD","Contract","BankCode","0055j00000AbZjhAAF","2024-01-15 05:55:17"
"7375j00000CWqvpAAD","Contract","BankName","0055j00000AbZjhAAF","2024-01-15 05:55:17"
"7375j00000CWqvqAAD","Contract","BankReferenceNumber","0055j00000AbZjhAAF","2024-01-15 05:55:17"
"7375j00000CWqvrAAD","Contract","BillingAddress","0055j00000AbZjhAAF","2024-01-15 05:55:17"
"7375j00000CWqvsAAD","Contract","BillingCompany","0055j00000AbZjhAAF","2024-01-15 05:55:17"
"7375j00000CWqvtAAD","Contract","BillingEmail","0055j00000AbZjhAAF","2024-01-15 05:55:17"
"7375j00000CWqvuAAD","Contract","BillingFax","0055j00000AbZjhAAF","2024-01-15 05:55:17"
"7375j00000CWqvvAAD","Contract","BillingLanguage","0055j00000AbZjhAAF","2024-01-15 05:55:17"
"7375j00000CWqvwAAD","Contract","BillingName","0055j00000AbZjhAAF","2024-01-15 05:55:17"
"7375j00000CWqvxAAD","Contract","BillingPhone","0055j00000AbZjhAAF","2024-01-15 05:55:17"
"7375j00000CWqvyAAD","Contract","CompanySigned","0055j00000AbZjhAAF","2024-01-15 05:55:17"
"7375j00000CWqvzAAD","Contract","CompanySignedDate","0055j00000AbZjhAAF","2024-01-15 05:55:17"
"7375j00000CWqw0AAD","Contract","ContractTerm","0055j00000AbZjhAAF","2024-01-15 05:55:17"
"7375j00000CWqw1AAD","Contract","CreditCardExpirationDate","0055j00000AbZjhAAF","2024-01-15 05:55:17"
"7375j00000CWqw2AAD","Contract","CreditCardNumber","0055j00000AbZjhAAF","2024-01-15 05:55:17"
"7375j00000CWqw3AAD","Contract","CreditCardType","0055j00000AbZjhAAF","2024-01-15 05:55:17"
"7375j00000CWqw4AAD","Contract","CurrencyIsoCode","0055j00000AbZjhAAF","2024-01-15 05:55:17"
"7375j00000CWqw5AAD","Contract","CustomerExpirationNotice","0055j00000AbZjhAAF","2024-01-15 05:55:17"
"7375j00000CWqw6AAD","Contract","CustomerSigned","0055j00000AbZjhAAF","2024-01-15 05:55:17"
"7375j00000CWqw7AAD","Contract","CustomerSignedDate","0055j00000AbZjhAAF","2024-01-15 05:55:17"
"7375j00000CWqw8AAD","Contract","CustomerSignedTitle","0055j00000AbZjhAAF","2024-01-15 05:55:17"
"7375j00000CWqw9AAD","Contract","Description","0055j00000AbZjhAAF","2024-01-15 05:55:17"
"7375j00000CWqwAAAT","Contract","EndDate","0055j00000AbZjhAAF","2024-01-15 05:55:17"
"7375j00000CWqwBAAT","Contract","InvoiceDispatchMethod","0055j00000AbZjhAAF","2024-01-15 05:55:17"
"7375j00000CWqwCAAT","Contract","IsDunningSuppressed","0055j00000AbZjhAAF","2024-01-15 05:55:17"
"7375j00000CWqwDAAT","Contract","Name","0055j00000AbZjhAAF","2024-01-15 05:55:17"
"7375j00000CWqwEAAT","Contract","NameOnCreditCard","0055j00000AbZjhAAF","2024-01-15 05:55:17"
"7375j00000CWqwFAAT","Contract","OfferExpirationDate","0055j00000AbZjhAAF","2024-01-15 05:55:17"
"7375j00000CWqwGAAT","Contract","OrderPrebillDays","0055j00000AbZjhAAF","2024-01-15 05:55:17"
"7375j00000CWqwHAAT","Contract","Owner","0055j00000AbZjhAAF","2024-01-15 05:55:17"
"7375j00000CWqwIAAT","Contract","OwnerExpirationNotice","0055j00000AbZjhAAF","2024-01-15 05:55:17"
"7375j00000CWqwJAAT","Contract","PaymentTerm","0055j00000AbZjhAAF","2024-01-15 05:55:17"
"7375j00000CWqwKAAT","Contract","PaymentType","0055j00000AbZjhAAF","2024-01-15 05:55:17"
"7375j00000CWqwLAAT","Contract","Pricebook2","0055j00000AbZjhAAF","2024-01-15 05:55:17"
"7375j00000CWqwMAAT","Contract","RecordType","0055j00000AbZjhAAF","2024-01-15 05:55:17"
"7375j00000CWqwNAAT","Contract","RenewalDays","0055j00000AbZjhAAF","2024-01-15 05:55:17"
"7375j00000CWqwOAAT","Contract","RenewalTerm","0055j00000AbZjhAAF","2024-01-15 05:55:17"
"7375j00000CWqwPAAT","Contract","Salesrep1","0055j00000AbZjhAAF","2024-01-15 05:55:17"
"7375j00000CWqwQAAT","Contract","Salesrep1Percent","0055j00000AbZjhAAF","2024-01-15 05:55:17"
"7375j00000CWqwRAAT","Contract","Salesrep2","0055j00000AbZjhAAF","2024-01-15 05:55:17"
"7375j00000CWqwSAAT","Contract","Salesrep2Percent","0055j00000AbZjhAAF","2024-01-15 05:55:17"
"7375j00000CWqwTAAT","Contract","Salesrep3","0055j00000AbZjhAAF","2024-01-15 05:55:17"
"7375j00000CWqwUAAT","Contract","Salesrep3Percent","0055j00000AbZjhAAF","2024-01-15 05:55:17"
"7375j00000CWqwVAAT","Contract","ShippingAddress","0055j00000AbZjhAAF","2024-01-15 05:55:17"
"7375j00000CWqwWAAT","Contract","SpecialTerms","0055j00000AbZjhAAF","2024-01-15 05:55:17"
"7375j00000CWqwXAAT","Contract","StartDate","0055j00000AbZjhAAF","2024-01-15 05:55:17"
"7375j00000CWqwYAAT","Contract","Status","0055j00000AbZjhAAF","2024-01-15 05:55:17"
"7375j00000CWqwZAAT","Contract","TaxExemptionCode","0055j00000AbZjhAAF","2024-01-15 05:55:17"
"7375j00000CWqwaAAD","Order","BillToContact","0055j00000AbZjhAAF","2024-01-15 05:55:17"
"7375j00000CWqwbAAD","Order","BillingAddress","0055j00000AbZjhAAF","2024-01-15 05:55:17"
"7375j00000CWqwcAAD","Order","CompanyAuthorizedBy","0055j00000AbZjhAAF","2024-01-15 05:55:17"
"7375j00000CWqwdAAD","Order","CompanyAuthorizedDate","0055j00000AbZjhAAF","2024-01-15 05:55:17"
"7375j00000CWqweAAD","Order","CustomerAuthorizedBy","0055j00000AbZjhAAF","2024-01-15 05:55:17"
"7375j00000CWqwfAAD","Order","CustomerAuthorizedDate","0055j00000AbZjhAAF","2024-01-15 05:55:17"
"7375j00000CWqwgAAD","Order","Description","0055j00000AbZjhAAF","2024-01-15 05:55:17"
"7375j00000CWqwhAAD","Order","EffectiveDate","0055j00000AbZjhAAF","2024-01-15 05:55:17"
"7375j00000CWqwjAAD","Order","Name","0055j00000AbZjhAAF","2024-01-15 05:55:17"
"7375j00000CWqwlAAD","Order","OrderReferenceNumber","0055j00000AbZjhAAF","2024-01-15 05:55:17"
"7375j00000CWqwmAAD","Order","PoDate","0055j00000AbZjhAAF","2024-01-15 05:55:17"
"7375j00000CWqwnAAD","Order","PoNumber","0055j00000AbZjhAAF","2024-01-15 05:55:17"
"7375j00000CWqwpAAD","Order","ShipToContact","0055j00000AbZjhAAF","2024-01-15 05:55:17"
"7375j00000CWqwqAAD","Order","ShippingAddress","0055j00000AbZjhAAF","2024-01-15 05:55:17"
"7375j00000CWqwrAAD","Order","Status","0055j00000AbZjhAAF","2024-01-15 05:55:17"
"7375j00000CWqwsAAD","Order","TotalAmount","0055j00000AbZjhAAF","2024-01-15 05:55:17"
"7375j00000CWqwtAAD","Order","Type","0055j00000AbZjhAAF","2024-01-15 05:55:17"
"7375j00000CWqwuAAD","Solution","CurrencyIsoCode","0055j00000AbZjhAAF","2024-01-15 05:55:17"
"7375j00000CWqwvAAD","Solution","IsPublished","0055j00000AbZjhAAF","2024-01-15 05:55:17"
"7375j00000CWqwwAAD","Solution","IsPublishedInPublicKb","0055j00000AbZjhAAF","2024-01-15 05:55:17"
"7375j00000CWqwxAAD","Solution","Owner","0055j00000AbZjhAAF","2024-01-15 05:55:17"
"7375j00000CWqwyAAD","Solution","RecordType","0055j00000AbZjhAAF","2024-01-15 05:55:17"
"7375j00000CWqwzAAD","Solution","SolutionName","0055j00000AbZjhAAF","2024-01-15 05:55:17"
"7375j00000CWqx0AAD","Solution","SolutionNote","0055j00000AbZjhAAF","2024-01-15 05:55:17"
"7375j00000CWqx1AAD","Solution","Status","0055j00000AbZjhAAF","2024-01-15 05:55:17"
